,case_id,bgid,age,income,sample_inc,ami_catego,tract,elec_consu,TRACTCE10,BLOCKCE10,GEOID10,geometry,household_,attitude,pbc,subnorms
57872,47438,1001,55to64,75to100k,98388.44007313286,4,100,124.0863595,51600.0,1003.0,360830516001003.0,POINT (-73.72931561214942 42.66483382000322),0,0.375,-0.3333333333333333,0.0
